<?xml version="1.0" encoding="UTF-8"?>
<beans xmlns="http://www.springframework.org/schema/beans"
	xmlns:xsi="http://www.w3.org/2001/XMLSchema-instance"
	xmlns:context="http://www.springframework.org/schema/context"
	xsi:schemaLocation="http://www.springframework.org/schema/beans http://www.springframework.org/schema/beans/spring-beans.xsd
		http://www.springframework.org/schema/context http://www.springframework.org/schema/context/spring-context-4.3.xsd">


	<bean id="character1"
		class="edu.wcc.emeyer.cps278_mp2_xml.Character">
	<property name="name" value="Cloud"></property>
	<property name="fightingPower" ref="busterSword"></property>
	</bean>
	<bean id="character2"
		class="edu.wcc.emeyer.cps278_mp2_xml.Character">
	<property name="name" value="Steve from Minecraft"></property>
	<property name="fightingPower" ref="fireball"></property>
	</bean>
	
	<context:annotation-config></context:annotation-config>
	<context:component-scan base-package="edu.wcc.emeyer.cps278_mp2_xml"></context:component-scan>
</beans>
